	comply with international obligation diplomacy
	very tedious tenacity
	not my brother unrelated
	able to function necessary
	$ 50 million in equal installment defend
	obligation to the bank loan
	depend on participation in incentive scheme commission
	vicious cycle of violence knife
	hijack a cuban ferry a day later Hemingway
	not the bad guy nice
	face trial makeup
	and be due to appear again before court on July 8 court appearance
	face up to two year in prison fishery
	under the legislation behaviour
	month behind late
	a meeting of coffee producer in Rio de Janeiro business
	latest shooting link to the spree victim
	ecological integrity of the park environment
	special offer flyer promotion
	separate concept theory
	more of a civilian by-stander
	limited employment unemployment
	three month behind in arrears
	good between we fight
	the future of the country jingoistic
	open to let carpet
	set plan in motion plan
	define in the documentation outline
	the sluggish storm system thunderstorm
	contract employee of the CIA inquire
	100 new third-party system government
	undisclosed term creditor
	at least twice a day double
	unprecedented rate normal
	profoundly human reason
	ability to sustain fuel
	completely boring drill
	able to speak unavoidable
	sift through crack in the ceiling leak
	heart attack patient cardiac-arrest
	wait to take action meditation
	onset of cooler weather fall
	inhumane practice sensate
	the median household earn income salary
	bread baker company
	obtain by criminal means fence
	cost of do business expense
	a Halloween toy orange
	trial period of two year test
	common fight against terrorism war
	a pay freeze freeze
	embarrass they high-scoring ABA forefather boxing
	a thousand time yes confirmation
	windshield wiper motor car
	a shopping paradise market
	environmental damage smog
	beyond the question poll
	refuse to rehire rehabilitate drug user square
	life in she hand longevity
	warfare equipment tank
	a bomb blast quicker
	food product and other general commodity merchandise
	archaeological discovery toothbrush
	not answer you phone ignore
	a strong police presence enforcement
	meteorological element atmosphere
	show increase sign of recovery manufacturing
	a bit late export
	transfer document electronically email
	eligible for community financing community-approved
	a severe crimp in reserve pinch
	allege hijacker suspect
	alternative means of transport seat
	a extended period of stagnation economic
	fall income and minimum wages cut
	cause a rush of people havoc
	systematic assessment pop quiz
	unexpected sharp move in either direction fluctuation
	effective immediately stat
	alternate energy source electricity
	the industry censor ban
	necessary and unavoidable inevitable
	highly enriched , weapons-grade uranium funding
	rise stock bullish
	about the same hand
	relaxation time nap
	a big step forward program
	the opposite of full empty
	tax-shelter development and marketing achievement
	unusually dry weather winter
	a good part of they cocoa hold on consignment majority
	charge with terrorism accuse
	file a suit legal
	chemical poisoning msg
	eight 24-hour commercial-free digital uninterrupted music channel music
	domestic partner docking
	lower government spending sequestration
	rub they hand at the scope for embarrassing he wring
	accurately reflect economic reality delivery
	a bit cold linguistic
	ability to understand subject
	critical condition serious
	undelivered check bounce
	a more reliable nation 's electrical system plug
	decline sale shopping
	a description of the organisational structure diagram
	what a vivid imagination insipid
	approve a proposal debate
	complete and appropriate tick
	above consideration country
	sign a declaration declare
	sign a letter Nissan
	the new reality of the semiconductor industry advancement
	repeat warning hazardous
	under the settlement revenue
	difficult weather condition in the Northeast merger
	more quickly than other fast
	junior colleague staff
	pay current operation cost pay
	in the red unprofitable
	at the drop of a hat whenever
	fit as a fiddle shapely
	abject lesson warning
	pop one 's clog illness
	whole ball of wax total
	close but no cigar unqualified
	chew the fat talk
	sleep on it think
	full Monty original
	kick up you heel enjoy
	bust one 's chop speak
	not worth a red cent worthless
	get bent out of shape unsettled
	all ear concern
	wear out one 's welcome exhaust
	cat nap spin
	under the wire last-minute
	that and 50 cent will buy you a cup of coffee degree
	rearrange the deckchair on the Titanic offensive
	sweat bullet care
	water hole pub
	wet behind the ear childish
	curve ball deception
	bark up the wrong tree problem
	to make from scratch breath
	take it easy relax
	chomp at the bit start
	pull you chain kid
	reach for the moon dream
	New York minute moment
	go pear-shaped curve
	cold shoulder coworker
	keep one 's finger cross toe
	eager beaver enthusiastic
	through thick and thin constantly
	couch potato caution
	hit the road exit
	blow one 's top take
	have a cow lose control
	take the Mickey tease
	beat around the bush circumscribe
	fall off the turnip truck yokel
	world apart separate
	slower than molasses government
	in the black shark
	rain or shine regardless
	get out of hand escalate
	brass neck audacious
	death warm over stride
	drop in the bucket hand
	by the skin of one 's tooth tie
	mad as a cut snake irrational
	before you can say knife finish
	ace in the hole hide reserve
	piece of cake accomplish
	hit the jackpot acquire
	keen as mustard excite
	dry as a wooden god thirsty
	mom and pop regional
	hot button issue
	rub someone the wrong way leak
	over one 's head miss
	down in the dump girlfriend
	wee bun complete
	right as rain true
	big easy New York City
	make a honest woman of date
	make up one 's mind decide
	plain as a pikestaff evident
	clam up tip
	keep a eye out for collection
	jump the gun penalty
	get up and go drive
	keep a eye on contractor
	a drop in the bucket modicum
	bite the bullet begin
	bet the ranch tough
	shoot the breeze friend
	put the brake on change
	off the hook party
	off you rocker laughable
	pull somebody 's leg ridicule
	achille ' heel weakness
	drop someone a line talk
	like nail jello to the wall laborious
	keep one 's nose to the grindstone nine
	hit the book hat
	even the dog in the street know water
	bite off more than one can chew begin
	state of the art novel
	put the cat among the pigeon affect
	take the cake surprise
	hold the baby responsible
	sharp as a tack truth
	bad mouth malign
	push up daisy saddle
	raise cain disturb
	trip the light fantastic music
	dull as ditchwater boring
	site plan of the Gatehouse Mausoleum show site constraint marble
	glowing heating element of a modern 2-slice toaster cook
	apartment building where Oswald live in Minsk , Belarus babirusa
	the ` magatama ' bridge of Tamatsukuri Onsen bridge
	Ryerson Rams Ice hockey arena rink
	aerial view of Interstate 39 as it pass Minonk , Illinois car
	t24 - the largest tiger in Ranthambore National Park tiger
	the Undertaker execute a chair shot on Brock Lesnar wrestle
	Seaford Beach with Seaford Head in the background coastline
	big show during he second World Heavyweight Championship reign wrestling
	five yixing clay teapot , in style from formal to whimsical teapot
	Anamniote egg from a frog amphibian
	1982 paperback version of Granovsky 's autobiographical book soldier
	Lord Trenchard present a trophy to a raf halton apprentice presentation
	map of the Lusatias with sorbian language and german name hand-written
	Cover of the Renfrew Mercury , unknown issue cover
	basque festival in Winnemucca , Nevada party
	the tomb of Khoja Afāq , near Kashgar , China Vatican City
	bulgarian people kebab with Rice culture
	a section of the high Peaks trail hiker
	costume at the Czech Beer Festival dress
	Eli Lilly and Company 's global headquarters in Indianapolis , Indiana headquarters
	a cabin at 15th St. wooden
	park of the Monsters , Mouth of Orcus park
	a 1977 license plate from Ditsobotla , Bophuthatswana Homeland license plate
	Lion 's park on the Fox River portrait
	Charles Fletcher Johnson serve as the 4th mayor in 1893 mayor
	Brahminy Kite with a fish at Pocharam lake , Andhra Pradesh , India raptor
	the limited-edition black `` Sega Sports '' model Dreamcast
	a newer stage pin connector chip
	a maximum minimum thermometer thermometer
	Malaysia-Singapore Airlines Comet 4 at Kai Tak Airport in 1966 airplane
	lightning detector at the Kennedy Space Center in Florida body
	ataulfo mango from Soconusco tree
	the White House Peace Vigil , June 2006 prayer
	View of Nuvsvåg from Lopptinden landscape
	1992 Toyota Celica GT-Four Carlos Sainz Limited Edition car
	Lake Müritz in Röbel lake
	pneumomediastinum with Angel wing sign evidence
	representation of a Povoan fisherman in a 1868 magazine fishing
	a mound of Girl Scout cookie cookie
	`` fighting Solidarity '' poster , model after World War II `` Kotwica '' emblem propaganda
	Marian Anderson in 1940 , by Carl Van Vechten camera
	king park as see from Perth Water park
	military band of the Chasseurs alpin orchestra
	Princess Juliana & Prince Bernhard celebrate they engagement in Amsterdam crown
	the Mural Wall at the ship parking lot , Silverstrand Beach art
	a jaguar-shaped cuauhxicallus in the National Museum of Anthropology vessel
	Golf & Mike perform on MTV fast forward in 2009 comedy
	Sutlej River in Kinnaur Valley , Himachal Pradesh valley
	thermal emission map of Io by Galileo geyser
	a larger turntable in front of a roundhouse , 1909 cluster
	a early group of cave at Kanheri Caves cavern
	Bradford City Hall Tower and Flagpole flag
	a 1907 poster of the Bullfrog Mine at Rhyolite , Nevada poster
	coat of arm of the ragusan family Sherlock
	West Roxbury Branch Library library
	coronation of the icon by Pope Pius XII in 1954 Coronation
	a polished slice of liddicoatite from Madagascar quarry
	a bluespotted trevally take from northern Queensland bird
	the Venus flytrap , a species of carnivorous plant Venus flytrap
	Engraving of 1727 , show the east face with cloister monastery
	a church on the outskirts of Ziguinchor Chaplin
	`` Mkrtich Khrimian near Echmiadzin '' Ivan Aivazovsky 1885 patriarch
	Anton Dostler tie to a stake before he execution fire
	Robert Gordon 's Hospital , Aberdeen , now Robert Gordon 's College hospital
	Lake Gnangara in spring 2012 rain
	prambanan temple complex temple
	Adoration Tomato be grow on trellis tomato
	the hanging of ` Saint John Ogilvie ' sj battle
	whiskered tern in Thommana , Chalakudy tern
	typical t-shaped doorway junction
	Lancaster House , Manchester , build in 1910 building
	a motorcycle taxi wait for passenger in London rpg-7
	loess landscape near Hunyuan moss
	basaloid squamous-cell carcinoma cancer
	platform with a regionalbahn service towards Pleinfeld station platform
	a Colby varsity runner , compete against Bates College eggshell
	seneca creek/buffalo creek as it flow through West Seneca water
	a 19th-century japanese ukiyo-e depict a dutch embassy ambassador
	a silver grass-fed Murray Grey heifer and sheep express
	detail of the Biscogniauxia nummularium 's structure plant
	palm-leaf manuscript of Mattakallappu Manmiyam at Batticaloa Museum write
	Scituate Lighthouse , Scituate Harbor beacon
	laurisilva of Garajonay National Park , in La Gomera forest
	a 1783 engrave depict the explode magazine iris
	portrait of the Guangxu Emperor in he study demonstration
	Mosaic of Trumbull 's declaration of independence chameleon
	ex-cilgwyn steam locomotive `` Lilla '' show visit the Llanberis Lake Railway console
	a section of the line downstream from Monbulk Creek mill
	Poetry on stone at the Meguti temple Aihole monk
	General Pershing 's ribbon as they would appear today award
	a map of the region and zone of Ethiopia map
	sign with the former station name `` Kreuzberg '' sign
	demonstration on the Nagorno-Karabakh in Cyprus in 1993 protest
	jewish Agency headquarters in Jerusalem headquarters
	Moses billing ' portrait of former president John Quincy Adams gastropod
	a example of torque in real life torque
	the three peak of Gasherbrum mountain
	1961 Chrysler New Yorker convertible carp
	image of one of the original Tetris game cover video game
	destroy house in Sunja , from war 1991-1995 destruction
	a page from one of Gros ' book telephone
	Leawood pump house power
	spanish historical center in Quito railway
	prussian carp carassius gibelio as comparison carp
	a standard guitar have 6 String instrument coulommier
	Fanny Ardant , 2005 Cannes Film Festival treasury note
	the Chateau Verpilleux-Montgolfier at the end of the 19th century chateau
	Halmidi inscription of 450 ad writing
	a view of the Marine Drive from the Maharaja 's Campus view
	front view of Soekarno-Hatta International Airport Terminal 3 airport
	map show silk route trade route
	2002 Steeda Mustang gt Mustang gt
	McDonald 's and KFC restaurant in China fast food
	a modern word use to describe the portrayal of the human anatomy and sexuality with high-art aspiration nude
	a person of great intelligence professor
	a stellar explosion nova
	a animal lack a vertebral column primitive
	a standardized set of letter - basic written symbol - each of which roughly represent a phoneme of a speak language braille
	a tool use in farm for initial cultivation of soil in preparation for sowing seed or plant school
	the structural and functional unit of all know living organism dna
	a bow string instrument violin
	a exchange of promise between two or more party to do or refrain from do a act which be enforceable in a court of law pact
	a prophet who be swallow by a great fish Nineveh
	the branch of a country 's military force principally designate for naval warfare and amphibious warfare namely lake - or ocean-borne combat operation and related function rifle
	a tube of mirror contain loose color bead child
	the party who initiate a lawsuit recorder
	a surface use to produce lift and thrust or to steer while travel in water airfoil
	a structure find in many animal that be use for locomotion foot
	the system of rule of conduct establish by the sovereign government of a society to correct wrong lawyer
	a compound that adhere or bond two item together glue
	a sweet alcoholic beverage fermentation
	a poisonous substance produce by live cell or organism that be active at very low concentration venom
	a mathematical statement which appear likely to be true tautology
	a hot spring characterize by intermittent discharge of water eject turbulently and accomplish by a vapour phase eruption
	a social gathering for celebration and recreation river
	a transcendental be find in many religion God
	a material that resist the flow of electric current capacitor
	essentially a database which be use to store all the information on a particular topic index
	any observable characteristic of a organism siberian tiger
	a Christian monastery or convent abbey
	a administrative entity compose of a clearly define territory and its population and commonly denote a city stanza
	a unit of information or computer storage meaning either exactly 1 billion byte hard drive
	of the Christian sacrament say to have be institute by Jesus of Nazareth holy
	a calculate tool use primarily by Asians for perform arithmetic process abacus
	a long journey or search of great moral significance supervolcano
	a chain of island archipelago
	the manufacturing of a good or service within a category seller
	either of two amphibious reptile relate to crocodile but with shorter broader snout caiman
	a winged horse that be the son of Poseidon sling
	a type of song guitar
	a type of soldier who be primarily train for the role of fight on foot navy
	a isolate area of vegetation in a desert ski
	a volcanic feature form by the collapse of land follow a volcanic eruption caldera
	a military rank use in many navy for officer whose position exceed that of a navy captain admiral
	a state in which the body rely on a substance for normal functioning and develop physical dependence addiction
	a write or draw instrument consist of a thin stick of pigment restaurant
	a musical instrument of the hand-held bellows-driven free-reed aerophone family bagpipe
	a woman who be romantically and sexually attract only to other woman marriage
	the rapid display of a sequence of image of 2-d or 3-d artwork or model position in order to create a illusion of movement movie
	typically the apparition of a deceased person soul
	a weapon consist of a bow mount on a stock that shoot projectile bow
	a dialogue intend to resolve dispute shuttlecock
	a short story or ironic depiction of a situation communicate with the intent of be humorous literature
	the female superior abbess
	a system for governance agreement
	any person involve in the grow and maintenance of plant worker
	someone who post controversial and usually irrelevant or off-topic message in a online community moderator
	a asynchronous signal from hardware indicate the need for attention or a synchronous event in software indicate the need for a change in execution CPU
	the interrogation of a witness call by one 's opponent conversation
	a vehicle which be able to fly through the Earth 's atmosphere or through any other atmosphere plane
	the process of attain awareness or understanding of sensory information skeleton
	a figurative mode of representation convey a mean other than the literal abstraction
	the correct term to use when the craft gain altitude or speed from rise air increase
	consistency of the characteristic of person personality
	a barrier device most commonly use during sexual intercourse prophylactic
	a instrumental ensemble switch
	a serious crime infraction
	a image create by light fall on a light-sensitive surface secondary school
	a algorithm for perform encryption and decryption - a series of well-defined step that can be follow as a procedure cipher
	a point device that function by detect two-dimensional motion relative to its support surface snare
	a large type of warship frigate
	often see as a universal power or pure substance God
	a individual living system sudete
	simply a answer to a claim make by someone in a civil or criminal case under common law use the adversary system Scrabble
	a fly tethered object that depend upon the tension of a tethering system tail
	a member of the jewish people zealot
	a messenger and ambassador emissary
	the workplace of a smith or a blacksmith office
	the name for one of the great mountain range system of Europe alp
	a american stock exchange supernova
	a urban settlement village
	a strike use the foot shin
	a brief statement that contain the most important point of a long legal document or of several related legal papers abstract
	a widely-recognized or famous person who command a high degree of public and media attention actor
	a person or agency consider to be a source of wise counsel or prophetic opinion rhetoric
	a ordain office of the ministry nun
	a broad high arch of whitish or rosy light appear in the sky due to very fine particle of dust suspend in the high region of the atmosphere sunset
	a influential group of science fiction fan trekky
	the external opening of the rectum anus
	a biological agent that cause disease or illness to its host spear
	a small human-powered boat lake
	a activity design to give people pleasure or relaxation sport
	a system use to make find information easier retrieval
	a traditional garment of Scotland shilelagh
	a software component that run in the context of another program virtualize
	a historical account of fact and event in chronological order chronology
	a italian manufacturer of sport car BMW
	a shorten form of a word or phrase abbreviation
	a peripheral partially model after the typewriter keyboard mouse
	a hand tool for drill small hole screwdriver
	a method for fasten or secure linear material such as rope by tie or interweave boat
	a religious opinion on islamic law issue by a islamic scholar treatise
	use to refer to a datum type which represent some finite subset of the mathematical integer number
	a mechanical device that produce some form of output from a give input machine
	the fee pay by a traveler allow he or she to make use of a public transport system payment
	a lifestyle that involve living for extended time on a boat while travel from place to place for pleasure yachting
	a group of star that be connect together to form a figure or picture configuration
	a alcoholic beverage make from the fermented juice of apple mainly cider
	the sequence of reaction that convert glucose into pyruvate with the concomitant production of a relatively small amount of adenosine triphosphate cycle
	a scientist who study or practice physics tardi
	a adherent of the religion of Islam troll
	a interstellar cloud of dust statute
	a strong framework that support the body bone
	a sort of hot spring or fumarole consist of a pool of usually bubble mud toxin
	a molecule capable of slow or prevent the oxidation of other molecule antioxidant
	a islamic leader hadith
	a datum structure consist of a group of element that be access by indexing array
	a point of entry to a space enclose by wall window
	a develop mammal or other viviparous vertebrate baby
	a statement or confession of belief - usually religious belief - or faith often recite as part of a religious service philosophy
	a write message from one person to another post office
	the base unit of mass in the International System of Units kilo
	any of several family of fish have flatten body that swim along the sea floor on one side of the body with both eye on the upper side fish
	a person who create or discover a new method writer
	a arbitrarily designate period of time minute
	a formal accusation of have commit a criminal offense lawyer
	member of a ancient and noble monastic order in the fictional Star Wars universe sith
	a point device that function by detect two-dimensional motion relative to its support surface trademark
	the complete loss of muscle function for one or more muscle group song
	a process of create fabric from yarn or thread use a crochet hook weave
	its whole hereditary information and be encode in the dna rna
	a contributor to the science of geology mineralogy
	a organism that thrive in and may even require physically or geochemically extreme condition that be detrimental to the majority of life on Earth bacterium
	a composition to a english religious text sing in the context of a anglican service hymn
	the land of the western hemisphere or New World Americas
	the official currency of the European Union gold
	the world 's longest expose mountain range ande
	traditionally the land on which a college or university and related institutional building be situate campus
	a profound state of unconsciousness nirvana
	a legal personality corporation
	any of numerous chiefly nocturnal insect moth
	a scientist train in the science of chemistry biochemist
	a major north-flowing river in Africa ship
	the land-based armed force of a nation army
	negative impact on student in overcrowded high school overcrowding
	slide door replacement part replacement
	sign and symptom when use methamphetamine directive
	introductory paragraph and thesis statement introduction
	seller protection when sell real estate without a broker ncaa
	strengthen family relationship through reading bonding
	the difference between digital camera memory card security
	strategy for effective communication in relationship openness
	frozen dragon find in carpthian mountain myth
	translate english sentence to spanish translate
	add a climb vine to you front porch porch
	walkthrough and strategy guide for super smash bro. melee strategy
	workout to strengthen abdominal muscle fraction
	the effect of medicare payment to healthcare organization uninsured
	computer program that do tax for small corporation TurboTax
	the best herbal product to boost the immune system immune system
	pain in armpit and upper breast area when exhale pain
	remove moisture from refrigerator dehydration
	recommend distance for furniture placement meter
	physical therapy exercise for acute rotator cuff tear exercise
	restriction on foreign investment collectable
	dangerous product that have be market product
	pound to we dollar exchange
	the guy who call I beautiful instead of hot compliment
	approximate cost of golden retriever puppy puppy
