the oldest department store be Trimingham 's , which have a comprehensive range of designer goods such as perfume and clothing , but other store act as exclusive agent for certain producer -lrb- for example , Bluck 's and Cooper 's specialize in china and crystal -rrb- .	a assortment of designer goods sell by Trimingham 's department store
the finer the thread , and the more complex the pattern , the more expensive the piece .	silk manufacturing technique
the main entrance to the circular old town , near the harbor , be the 19th-century Arco da Vila , a charming arch and bell tower habitually crown by a venerable family of nesting stork .	stork make they nest in a picturesque bell tower and arch
Herring Cove give you a good view and detailed explanation of the tide .	100 % operate by tidal power
each spring , provide that weather condition be favorable , it become a home to flamingo .	a spring home to flamingo in good weather
he choose he oak and walnut from North America , teak from Asia , paneling , marble , and glass from Europe .	different building material from all over the world
in summer month there be sightseeing launch and , for the brave , swim .	swim in the summer month
Beijing 's grandest modern shopping mall be Sun Dong a Plaza .	both modern and classic chinese goods
surround the marina be numerous boutique , restaurant , and travel agency , plus all type of service to accommodate arrive cruiser .	perennial spirit of celebration
across the western tip of Bali , mangrove swamp surround Gillimanuk , not much more than one wide street , a few homestay , and the ferry terminal for Java .	the all-encompassing mangrove swamp all over Bali 's western coast
a island of wonderful sandy beach and farmland , it be also home to a large US military reserve .	wonderful sandy island beach
you be sure to find you own favorite , but here be a few acknowledge highlight .	a clear tidal lake
the heart of the city be Plaza Major -lrb- also know by a variety of name such as Plaza des Armas , Plaza principal , Plaza de la Independencia , and Plaza de la Revolucion -rrb- .	Revolution Plaza , also know locally as Plaza Major
a nice excursion from Tavira be to the nearby island Ilha de Tavira , where there be a huge and thoroughly appealing beach back by sand dune .	sand dune lead to a giant ocean beach
it can not be see fully until you enter its precinct through a narrow passage from the street .	a narrow alley from the main street
after a second dutch landing at Padangbai Bay , the puputan ritual be repeat when the Raja of Karangasem and he family throw themselves on the enemy gun .	the puputan ritual of self-sacrifice , as demonstrate by the Raja of Karangasem and he family
nearby , the `` Peak that Flew from Afar '' -lrb- Feilaifeng -rrb- shelter 380 Buddhist stone carving create during the Yuan Dynasty and four sacred cave .	victory against they at Nándorfehérvár -lrb- now Belgrade -rrb- in 1456
here on the night of 18 April , 1775 , sexton Robert Newman climb the tower and hang the two lantern -lrb- `` one , if by land , and two , if by sea '' -rrb- warn the colonist in Concord of British troop movement .	classical americana form the basis for a rich legend of Paul Revere
in Ontario and Québec , where encroach forest gradually disperse the herd of caribou , the Iroquois oust the Algonquin and settle down to cultivate maize , bean , and squash , live in rectangular , multifamily longhouse .	cultivation crop and live in house
many provincial town and village hold Sunday market where haggle be , of course , all part of the fun .	Sunday market
the Film Museum in Vondelpark also have special showing and film festival .	film festival and special movie showing
the spanish Aero cable car give you a bird 's - eye view of the Niagara Whirlpool rapid .	a aerial look on the rapid
it be think that large wooden door be fit between the pillar and that these could be remove to create a stoa -lrb- open fronted arcade -rrb- if the King wish it .	removable , large wooden door
do look beyond the tempting shop front to really get the most out of you tour .	shopping while on vacation
take the cable car across the gorge for a close-up view of the rapid .	a close-up view of the rapid
it cover 21⁄2 hectare -lrb- 6 acre -rrb- , and various collection be house in the old brick military building , most of which date from the victorian era .	the armory in the southwest corner
William Charles Cole Claiborne be a protestant from Virginia who need interpreter to communicate in both french and spanish .	those who follow radical Pedro Albizu Campos
the war of 1812 be foster by accumulate american grievance .	the War of 1812
the hall of benevolent longevity -lrb- Renshou Dian -rrb- be where Empress Dowager Cixi receive court member from she Dragon Throne -lrb- which be still in place -rrb- .	the centuries-old dragon throne
there be also a room dedicate to the family who settle in Cozumel in the 19th century -- after the war of the Castes -- and who have develop the island since that time .	the development and revitalization of Cozumel in the 1800
it be a easy day trip from Acapulco to this famed silver-mining town , and worthwhile for anyone interested in experience more of this country 's historical past .	Mexico 's mining history
the center of Lisbon be small , compact , and easy to get around in just a few day .	the site of Portugal
you 'll also find lot of older piece -- not quite antique but still exquisite -- in collectible shop around the town in the form of pretty spoon , ornate pill and snuff box , or letter opener .	older collectable item like spoon , letter opener , and pill box
each member would organize a fortnightly banquet of game and fish he have catch himself .	seat arrangement for the banquet
Venizelos be in power during the epic population exchange with Turkey -lrb- 1922 -rrb- , under which almost one million repatriate Greeks flood Athens .	immigration from Turkey to Athens
this guard tower , build in 1345 , be decorate in Buddhist carving , with inscription in chinese , Tibetan , Sanskrit , and language of the northern tribe .	a exquisite old moorish village with a sturdy ruin castle
have at least a drink at the keltic Lodge hotel , a old Nova Scotia landmark worth a visit for its view of Cape Smokey .	the historic keltic Lodge and its view of Cape Smokey
remnant of a underwater plateau that collapse in the jurassic period , they be part of a geological formation at least 150 million year old .	million year old remains of a underwater plateau from the jurassic age
the Sierra Morena this nearly 480 km -lrb- 300-mile -rrb- mountain range run from the mountain of southern Portugal in the west to the border of the Provincia de Murcia in the east , effectively form the border between Andalucía and most of the rest of Spain .	in the center of a stairway
in summertime the garrison come to life with the change of the guard -lrb- 10am daily , June 24 -- first week of Sept. -rrb- .	a year-long tour of duty in London
creep plant now climb the sheer wall , provide a new home to numerous bird , lizard , and frog .	the exception that prove the rule
the National Theater be locate here , and across the road be the Estação do Rossio -lrb- with train to Sintra and other place -rrb- , which look something like a moorish palace with horseshoe arch , just west of the square .	the Moor design style of horseshoe arch
here be the true pulse of Budapest : large hotel , museum , government building , shop street , nightlife , and thunderously busy boulevard .	the many activity and attraction in Budapest
when there be rebaixa , or sale happen , wade through the crowd here be no easy task .	impenetrable shopping crowd
just a little way north of the palace site be the chrysólakkas or ` pit of gold , ' where the ` golden bee ' pendant be discover among a greater cache of jewel .	the earliest settler from a previous church in England
the main house date from the 17th century and have be own by the present family since 1864 .	a family-owned house for century , date back to the 17th century
you 'll be able to buy everything from fruit and vegetable to textile .	availability of fruit for purchase
thanks to the well , Turpan grow cotton , melon , and grape of great sweetness and renown .	cotton , melon and grape farming in Turpan
a sacbé link the palace to other part of the site .	royal garden
lure by the promise of treasure galleon and store of ammunition , some pirate work independently ; other , however , be employ by the various european crown , particularly the british , to help carry on they power struggle in the colonial world .	the allure of treasure and ammo for pirate
the side street hold some good art -lrb- and craft -rrb- gallery and plenty of reward for exploration .	explore small side street
the silhouette of Gunung Merapi , still a active volcano , be often visible in the mist across the water .	morning mist across the lake
building inlcude m peus 's Weisner Building , Green , Dreyfus and Landau building , and Eduardo Catalano 's Stratton Student Center .	behind the athletic center
a vibrant café-restaurant comprise one side of the square , but the dominant building be the splendid Vigadó theatre .	the magnificent Vigadó theater building
to the north of Alexanderplatz , behind the Volksbühne theater , Schönhauser Allee be one of the most characteristic avenue of Old Berlin lead to the center of Prenzlauer Berg , the 19th century working-class quarter -- now a lively , bohemian area with colorful nightlife .	Berlin 's laborer housing
Northeast of Stadhiou be panepistimiou -lrb- University Street -rrb- , officially name Elefthería Venizélou after the Cretan statesman .	designer of the Cretan constitution
walk through the loggia to find the Church of Ágios Títos .	the nation 's main north-south railway
you do not need to travel all the way to Herend to buy Herend ceramic , as there be a specialist shop on József Nádor tér -lrb- behind the Gerbeaud café on Vörösmarty tér -rrb- .	the shop of József Nádor tér for buy herend ceramic
from 1950 , a promotion campaign under Sir Stafford Sands be hugely successful in attract tourist to the Bahamas .	the center of activity along this beach hinterland
there be numerous excursion to Santorini to the north , and this tiny rock in the Aegean make a interesting contrast to its larger cousin .	the most beautiful greek isle
the battlements afford good view over the harbor , and there be craft shop upstairs .	the gift shop in the basement
bar , restaurant , and late-night brasserie line the adjoining rue Berger and the street lead off it .	business just off Berger street
try to visit before noon or after 4pm , especially in summer as most farming activity stop in the heat of the afternoon .	the precious image of Cristo de la Viña -lrb- Christ of the Vineyard -rrb-
the Bagatelle , once a royal retreat , have a very lovely English garden , burst with flower during spring and early summer .	in Europe and North Africa
the trail be especially good during early spring or summer morning , when the water be perfectly still , capture the most breathtaking color from the tree and the cliff of Mount Watkins behind it .	the giant of the flea market be St-Ouen just north of Porte de Clignancourt métro station
however , if you have the time it be much more rewarding to do the circular journey along the north coast to Sitía then south around the Sitía and Ornón Mountain range approach Ierápetra from the east -- the landscape be much more exciting .	strike a 17th-century copper bell with coin
a legend arise that the cross may have be leave by a ancient saint -- perhaps even the Apostle Thomas -- some fifteen century earlier .	a centuries-old ancient cross
just past here be Puente Diamante , the Acapulco Princess Golf Club , and a row of luxury hotel that front the open Pacific Ocean .	bury in coffin within coffin in subterranean royal tomb
a compact straw and vegetable market sit at the main crossroads .	business at the intersection
though no one be really sure of the precise landing site -lrb- columbus be renown for have be less than accurate in document he landing site -rrb- , the small park with its column and naïve painting depict spanish colonization serve its purpose well .	a quaint park with painting of the spanish arrival and colonisation
two popular stop be La Coca Falls , on the right after the 5-mile -lrb- 8-km -rrb- point , and the Yokahú Observation Tower , at the 51⁄2 - mile -lrb- 9-km -rrb- point .	La Coca Falls and the Yokahú Observation Tower
but Britain back this vested interest with tough diplomacy and a powerful navy , while Louis XIV be too wrap up in he european power play to pay much attention to French Canada .	Britain 's vested interest in french Canada
in the fourth century , the first christian church , St-Etienne , be build , join two century later by a second church , dedicate to Notre-Dame .	the church of Notre-Dame
when Adolf Hitler arrive in Paris as a conqueror in 1940 , the Arc de Triomphe be the first place he want to see .	distaste for the Eiffel tower
cistercian monk protest that such a sumptuous structure be a insult to the godly virtue of poverty , and today , architectural purist still find Notre-Dame a bit `` too much .	religious order
I mop up the kitchen floor so it be spick-and-span .	friend in high place
John Major be describe by he opponent as a dyed-in-the-wool conservative .	attack from liberal politician
mother and father learn to drive in a car with a 3-on-the-tree .	manual transmission automobile
what kind of a harebrained , off-the-wall idea be that ?	proposal for action
he give a tongue-in-cheek explanation of why the sky be blue , offer a theory about some primordial discount on light blue paint .	playfully explain science
my effort lately have be catch-as-catch-can , not carefully plan .	work out for the best
the broken window and overturn plant pot be a tip-off that something be wrong .	hint of a break-in
we be work at cross-purposes here , if you be try to reduce the count and I be try to increase it .	conflict increase and decrease
not want to reveal where she get the gift , he mother have to stretch the truth a bit .	a present hide in the closet
he be a nose-picker .	a uncouth young man
the head-in-the-sand approach to environmentalism seldom improve matter .	ignore the problem
when the fire alarm go off , it be a free-for-all .	total chaos due to the fire alarm
24 hour of tv coverage of the US election verge on overkill .	incessant coverage of the election
the police receive a tip-off about a recent bank robbery .	clue about who be responsible for a robbery
after hour of mind-numbing work sort hundred of nearly identical form , he need to stop and do something else .	office paper work
it be like whack-a-mole : as soon as you fix one , another appear .	a constant stream of new problem
she be very popular and good with number , so I expect she 'll be a shoo-in for treasurer .	well-liked and financially savvy
it be really a toss-up between the red skirt with blue stripe and the blue skirt with red stripe .	a tough decision on which skirt to choose
when I see that weird house , I get the heebie-jeeby .	shiver down my spine from see that spooky house
a head-on approach to a problem .	pussyfoot around the problem
the oppose team be so soundly trounce , they leave directly from the game with they tail between they leg and avoid the locker room entirely .	avoid further humiliation by immediately depart for home
the story describe the main character 's wristwatch in mind-numbing detail .	second hand on the watch
we completely agree and there be no daylight between we on the issue .	complete agreement
he have a ankle sprain and he status be day-to-day .	increase to sports-related injury
Madrid have to keep a eye on they loose canon after the game to avoid any further penality from player fight .	player who be inclined towards violence
now , over to we man in Tokyo for a on-the-spot report .	japanese news update
he give a blow-by-blow account of the entire trip .	recollection of event
do some back-of-the-envelope calculation before all the fact come in .	wait for final detail
they soup-to-nuts approach leave we with few question .	question about design
one of the most upper-crust district of Paris .	step out of line
my wife make the best little old apple pie in Texas .	hammer home
he take she to the park where they first meet before pop the question .	engagement ring
Pretty eye have always be a turn-on .	attractive eye
although they be still available , I think we would be hard-pressed to find one on short notice .	brick and mortar
he never get use to the cut-and-thrust of political debate .	objective political discussion
he tell a off-color joke .	a crick in my back all night
he be more of a lone wolf , always program on he own and rarely talk to other about what he be up to .	software development by a single individual
she tell I to ask so-and-so , but he do not know , either .	ask a specific person
Tom Pitella be a go-getter and do not rely on other to prove thing in the field of mathematics to he .	solve mathematics problem himself
the government contract force we to stick to hard-and-fast rule .	penalty for violate export control
the ` closet can be a scary place for a gay teenager .	hide one 's sexuality
they be aim for a more upper-crust clientele .	whale of a time
this be not you run-of-the-mill refrigerator ; you 'll find the extra feature well worth the price .	high and dry
I be make a cake but when I add too much sugar , it become the balls-up of my cooking career .	the worst cooking mistake I have make
the streaker 's wet dream be to be on tv butt-naked on a rainy day .	personal best-case scenario
he make a few off-the-cuff remark before launch into he prepared speech .	precipitated into a riot
obtain financing be a life-or-death matter for the research .	labour of love
the term black sanctus be originally anglicize from Latin .	the Latin vulgate
my slave-driving boss expect I to work over the weekend - what a ball-breaker !	unappealing work on the weekend
for we it be be a real catch-22 ; when we have the time to take a vacation , we do not have enough money and when we have enough money , we do not have the time .	the time and money require for vacation
no wonder it do not work .the whole design be ass-backwards .	design by committee
the politician be unnerved by the journalist 's quick-fire question .	a break report by 60 Minutes
Congress frequently meet behind closed door to avoid public scrutiny of they bargaining process .	congress dodge criticism use secret meeting
he send flower in a last-ditch effort to keep she from leave .	flower for a love one
he touch-and-go condition keep he wife at the hospital for day .	precarious health
he prefer the clarity of science and leave the touchy-feely stuff to other .	attraction to cognitive science research
he be be on he soapbox all day about the new football coach .	complain about the coach
the earthquake leave the resident hard-pressed .	beyond one 's wildest dream
I hate this poor , polluted , ignorant pissass town !	power behind the throne
that pencil-necked geek be not go to stop I .	eye in the back of you head
the media publish a blow-by-blow of the trial as it happen .	extremely detailed court reporting
they catch we flat-footed .	fiddle while Rome burn
we be doom if this wee jumped-up monkey get Gordon Smith 's blessing .	bad planning
she be rather thin-skinned when it come to comment about she work .	constructive criticism
can a bad registry cause link not to work and can the ` cleaner ' cause all the problem ?	problem with the Windows registry
website that if i type in something , it will say it aloud , but in differnet accent ?	hear different accent for the same piece of text
anyone know any good site 4 listen to music for free other than playlist ?	free music site
do it cost anything to post a sale on ebay ?	multiple item for sale
INTERNET CONNECTED , BUT BROWSING TROUGH EXPLORER WONT work -- help plz !?	problem connect to internet
whn i vsit sum website t say ` sorry th website s nt availbl fr u r country ' i be frm indium wt 2 do ?	block website on a per-country basis
how we can come to know whether the article we be write be orignal or not ?	measure write originality
what be a music website that will not be block at school ?	block on most streaming music site
comcast internet work , then doesnt work , then work , then doesnt work ..?	Comcast internet provider
can you give I some feedback to make my blog better ?	improvement to my blog
what be the best way to promote you web host website ?	advertisement or word of mouth
be it rude to ask for a lower offer on ebay ?	internet explorer 8
be it illegal to download Japanese/Korean/Taiwanese tv show in the UK ?	the legality of download asian tv show
I keep get re-directed to other site when I open up my broswer ?	problem with browser redirect to site when open
what be a better browser to use : Mozilla Firefox or Internet Explorer ?	preference for Opera
ca not access website , could someone help I get this in ?	submit web form
can a virus/trojan/keylogger ect .corrupt or get into my connection ?	a malicious program change my computer 's setting
why can I download torrents fine , but internet page do not load properly -lrb- if at all -rrb- ?	problem view webpage but not download torrent
how do I restore previous website in the address bar in Firefox ?	restore Firefox browser history
I sell a item on ebay and the money go in my paypal account , now i want to use it to pay for a dvd i brough ?	wireless laptop
what be some photosharing website where people can pay u to download you pic ?	amateur photographer with a nice camera
if my friend have a webcam , can i still do `` video call '' with they if I have a skype account , but not a webcam ?	video chat with a friend
how do i get employment information on someone i take to court.they owe I money .?	website where teenager can walk around and chat
in opera browser , i try to change colour to Blue but it be still grey bar ?	change color in Opera
I recently block a site through my router , then unblock it why can i still not access it ?	router configuration
how can I make more money as a webcam girl ?	that website that look like Twitter
could this girl be lie or be she really tell the truth ?	buy now button
how much be adultfriendfinder and virtuagirlhd making and why be its ad everywhere ?	advertising revenue for common banner ad
when I close one internet Explorer Window all the other open ie Windows get closed !?	close ie browser window
if I buy something with PayPal , how will the purchase appear on my credit card statement ?	the full product name
I have a virus that i can not get rid of ... help !!!!!?	a unremovable virus
after upgrade from ie 6 to ie 8 I appear to have lose my Bookmarks , on the toolbar Bookmarks be shaded out ?	lose all my bookmark after upgrade to ie8
why I can not connect to the web use any browser but can connect use the my computer icon ?	problem connect to the internet
be there a website to make money work at home ?	guide for self employment
have anyone use HappyBidders before and win something before , be a scam or not .www.happybidders.com ?	veracity of happybidder prize claim
why do not they have a six month premium membership on deviantART ?	lack of a six-month premium deviantART membership
how do I get more vistor to come to my website ?	advertisement or word of mouth
where can I find low-size -lrb- 1 gb or so -rrb- torrent movie ?	download movie with small file size
Whats the website where it list phone number to company so you arent on hold ?	server host service provider with wordpress
how do I get rid of the `` favorite '' and `` history '' section on the internet Explorer Address bar ?	clear the information in the ie address bar
do i have to have paypal to buy something on e-bay ?	requirement for use PayPal
if u have 2 blackberry do u have to pay double internet ?	AT&T term of service
be there a site you can advertise stuff what be up for bidding free ?	advertising item online
HOW to make CALLS to MOBILE & LAND LINE PHONES USING INTERNET BROAD BAND ?	voip phone
how do you transfer you itune library to another drive -lrb- such as a external hard drive -rrb- ?	proxy list for use at school
what be the name of that website that look like Twitter ?	a block on Twitter in my country
do Formspring ever take a while to publish you answer ?	lockerz price
can you buy straight out on Ebay or do you always have to make a bid ?	Ebay bidding versus buying
do not we use the internet because we do not want to see commercial ?	avoid commercial
where can I do a reverse phone number look up that be 100 % free and DISCREET ?	a unknown number that call my phone
do you now where i can watch free older movie online without download ?	streaming vintage movie for free
how do i watch a show that restricted to a certain country ?	located in the UK
how do I get this magnification box to go away ?	2 kid in a sandbox
why be I get referrer on wordpress from random facebook link ?	best answer best point
how do i get the text in the textbox back after accidentally press the back button !!!?	restore textbox text after change page
where on the internet can I find a unstaged video of a girl dancing and strip naked on a bar room table ?	video of strip dancing on a bar room table
why be it someone always beat I to answer first ?	picture of what people would look like as the opposite sex
i just sell something on ebay and now im confuse on what to do next ?	what to do after sell a item
what be the best and safest place to setup a email account for my 14 year old teenager ?	everywhere i go on-line
do Paypal make I pay right away when I send money ?	timing of PayPal 's action
be there really a reverse phone search that be free ?	reverse phone lookup
what would be my best bet to survive a raptor attack ?	flee for my life or fighting
when will lockerz launch come and what will it be like ?	prize back in stock
do anybody know of any web site that have a list of all the flower they have ?	list of all flower available on a website
be there a website where I can create a creature ?	creative design website
what be the best free , ONLINE video converter that actually work ?	online streaming
do anyone know a untie filter that work on Mozilla firefox3 .6 ?	untie filter browser plugin
how to take snapshot of you and the person you talk to on skype ?	Amazon Free Super Shipping
how do I make a new tab in Firefox NOT open as my last tab ?	Firefox tab preference
what be a Proxy and how do I get rid of it ?	little known site
I cant send mail from my alternative address to any Yahoo address ?	block email address
on Twitter if u reply to a tweet post by sum1 u follow do u they see ur reply if they be not follow u ?	without the file actually be on my computer
why do Verizon dsl not offer promotional discount to current customer ?	Verizon promotional discount
can you pay for stuff on ebay with mutiple card ?	credit card payment online
be www.listia.com a scam , or do you really get the stuff you win ?	take forever to load
how do I get my once a year free credit report ?	interest rate base on my credit score
how long do it take to receive a payment to Paypal account when sell on Ebay ?	contact the buyer for proof of payment
look for Advice about a eBayer Seller , send I empty box .?	advice on empty box send by eBay seller
if i give points2shop my addre will they send I stuff i do not ask for ?	only the cookie you want
how to block audio on commercial on a webpage ?	mute sound
computer show that internet be work but get dns failure on every website I try ?	constant dn failure
how do I watch video on megavideo without the time limit ?	watch video on Megavideo
do prize on lockerz decrease point over time or do they stay the same ?	lockerz prize point value
can we print deviantart pic on a printer if it be not a pay picture ?	print non-paying deviantart picture
how to remove this error that be skype ie plugin error ?	configure the skype ie plugin
suggest I a good wireless internet connection with unlimited usage ?	unlimited wireless internet provider
when you submit a best offer on Ebay do it count as a buy it now purchase ?	wait for purchase to complete
my twitter search tool work with ie but not with Firefox ?	Twitter search tool
only this year , six year overdue , and under enormous pressure from the french government , have the Commission at last proposed european harmonised noise indicator .	european harmonised noise indicator
I believe the future of fishing in international water depend on these organisation , and the Commission must make every possible effort .	the future of fishing in international water depend on organisation
the Commission consider that such adjustment go in the right direction towards the establishment of fairer charge system which give also a incentive for a more rational and efficient use of the road network .	on the back of the taxpayer
I be commit to ensure that the food consumer have available , whether it come from within or outside the European Union , meet the highest standard .	a thorny issue
if the financial perspective be not revise , we will inevitably be catch up in `` financial engineering '' , in redeploy resource and in cut , either in general expenditure , social and environmental spending or in cooperation .	preventative measure
I will , of course , inform the President of what you have say .	espionage within government
we now have a harmonised scheme to draft country strategy papers and indicative cooperation programme in all develop country .	a brisk pace
current compensation fund have be inadequately fund and this be all too apparent in the case of the Braer disaster where the Shetland Islands fishing industry be inadequately compensate for its loss .	inadequate funding after the Braer disaster
in paragraph 26 , moreover , it call for the establishment of a international arbitration organisation to cancel the debt of the country of the South .	document state the necessity of international arbitration organisation to eliminate debt in the South
we have hear the justification for they and for the reprise of the industrial argument which we hear in committee .	call for jury
it be also unfortunate that a large number of programme have be put in the so-called performance reserve .	performance reserve
I be sure that the albanian political prisoner will also be release soon .	a considerable number of albanian
pressure also come last night from religious circle as three anglican bishop say it be time for they former colleague to step down .	pressure from three anglican bishop to abdicate
I believe that some rethink will certainly have to be do between the Council and Parliament on the liability limit for classification society , irrespective of what be decide today .	rethink liability limit
at the very long end , the 30-year bond us30yt = rr lose 2/32 for a yield of 4.41 percent .	raise its target for chip sale on Friday
Mr President , I have Mr Nicholson 's problem in a even more acute form .	in the political sector
the american anglican Council , which represent episcopalian conservative , say it will seek authorization to create a separate group in North America .	battle over gay rights
that be why I believe there be a tremendous role for the Commission to play in go out there and encourage the fisherman to come forward and cooperate with it and come forward with a solution that we can all agree to .	the commission 's cooperation and support for a agreement with the fisherman
IBM of the US and Infineon Technologies of Germany will today announce a technological development that could threaten multi-billion dollar memory chip market .	a tech advancement from IBM and Infineon
Parliament must be regularly consult and update on progress , and it be this , the second of the rapporteur ' request , which we must all support .	progress consultation
for example , with regard to we aid to mediterranean country , we have a backlog which have accumulate over many year of budget .	hot country with bad budgeting
what do you think the impact will be for the Paralympic movement will be with the Games be televise live in the United States for first time ?	implication of broadcast Paralympic game in USA on Paralympic movement .
I think it be a excellent political declaration but we still have a few problem here .	solid political allegation with trouble
Mr. Holden tour Northmoor , where between 25 and 30 home be either damage or destroy and the town hall and police station also be damage .	damage to dozen of home as well as the police station and town hall
how can we even consider revive this partnership without first resolve the conflict ?	relationship break-up
as regard MEDA , the Council say that the commitment be not a problem owe to the eight year of payment backlog .	equate owing money with debt
the important thing now be that a good number of project be present under the spd , but also , alongside this grass-roots action , we must consider in depth the specific need of each of the outermost region in relation to access to the information society .	grass-roots movement in rural America
the new service be plan to be introduce on flight connect Honolulu with Oakland , San Jose , Sacramento , Seattle , Phoenix , Fukuoka , sendaus , Seoul , Brisbane , Papeete , and Pago Pago ; and Kahului with San Jose , Oakland , and Seattle .	national and international flight
as Commissioner Schreyer have already mention , there be many political announcement come out of this year ' s budget : the reorganisation of agricultural policy , new structural programme , measure to ensure better implementation of the structural policy , and step design to follow up the decision take at the Lisbon Summit for create a stronger and more competitive EU and for combate social exclusion .	a obstruction to the proper running of the market
this show that , in this area more than any other , we have a tremendous responsibility and we must , it seem to I , stifle any institutional pride we may have .	put aside institutional pride
provide the vendor can always inform the buyer of the nature of the goods and the limitation on the information that should be sufficient .	false advertising
Branson say that he preference would be to operate a fully commercial service on route to New York , Barbados and Dubai .	federal office
the Fox Movie Channel have ban Charlie Chan .	ban actor from appear
I reliably receive reminder when my dog need a vaccination , write Steinberg , of Johns Hopkins University .	vaccinate the family pet
I would also like to pick on the Council by ask why it be not move forward on Article 24 of the Financial regulation .	online banking
immigrant to the United States from Southeast Asia and India have higher than expect male to female birth ratio , which the report author suggest be partially deliberate sex selection base on cultural attitude from home country .	birth rate in the U.S.
this bring I to we group ' s strategy , because at the core of we belief be the wish to get value for money for the european citizen .	fail strategy for maintain the value of the euro in this crisis
and what be he opinion of Mr Cem 's position - the President-in-Office do not reply here - that there can be no link-up between the Cyprus question and further the Accession Partnership between Turkey and the European Union ?	the President neglect to answer a question
some amendment , such as no 1 and 18 , deal with question that basically concern the United Kingdom , and it must be say that all the group from the United Kingdom , whether socialist , popular or green , have support they vehemently and they have be approve in the Committee on the environment .	Socialist , Popular and Green common viewpoint .
the Court , as in other year , have fail to point out exactly where those failure occur .	successful management of the EU 's finances
the question be : who should these student apply to in order to confirm that , if they take these course and complete they study in Britain , they be entitle to have result ?	british student confirm that they degree will yield result
the website of international news service Al Jazeera be hack Tuesday by a group idenitify only as Al-Rashedon .	trapping four people
Bank of America lead Consumer Financial Protection Bureau complaint about mortgage .	rise mortgage
I never think I would say this , but I almost miss Vin Diesel at first .	Vin Diesel 's movie character
the event feature brand new attraction include a high dive show , a wolf pack exhibit and a old West exhibit .	howl wolf on show
it be the prerogative of those hand out money to stipulate the political objective and the Commissioner have do so on several occasion .	the Commissioner 's role in distribute money to stipulate political objective
on the other hand , we have the communication network which need a constant supply of content in order to fill they web page and which see nothing wrong in subordinate the content , in ransom it and use it without pay any particular attention to the rule of production .	fill web page with content
Budget policy need to instil public confidence in european policy .	public confidence
you will be aware that this be a deliberate decision take in Amsterdam to clearly distinguish the two role , with the high Representative , as oppose to the Commission , not speak from a completely independent viewpoint , but under a remit to coordinate the common foreign and security policy that lie within the competence of the Member States , and there we should leave perhaps ample scope for a intergovernmental approach .	a intergovernmental approach toward the common foreign and security policy within the Member States
Charlie Chan be off the case for the Fox Movie Channel .	Fox movie channel
the election in Yugoslavia have show two thing : that the people have finally have enough of the dictator Milosevic and that they have confidence in Professor Kostunica .	make access to support and information
at the same time , the Union continue to provide substantial material aid to both country through its various programme , in particular its TACIS programme .	union collaboration
I too would like to welcome Mr Prodi ' s forceful and meaningful intervention .	Prodi ' s welcome intervention
this may also enable the Council Presidency to have discussion with the Member States with a view to obtain the Council ' s approval of you proposal and to adopt the text at first reading , if necessary by qualify majority voting .	conversion from fossil fuel
provision for social , cultural and charitable cause must be include in Article 87 so that the future of these important institution can also be permanently safeguard .	protection and appreciation of social , cultural and charitable cause
instead of pursue the most imminent and real threat - international terrorist - this Bush administration have choose to settle old score , Graham say .	international terrorist , the most pressing and valid security threat
this initiative be base upon a Council regulation amend the regulation which define the current gsp .	amend current gsp regulation
Mr President , Commissioner , lady and gentleman , let I begin straight away by say that , in principle , I welcome the Commission 's proposal to set up a compensation fund , even from the point of view of austrian agriculture .	many meeting with Russia at all level
the action reflect we strong forward momentum as we intensify we business focus and work to achieve profitability , '' say Katsumi Ihara , president of Sony Ericsson .retailer J.C. Penney Co. .	Inc. and Walgreen Co. .
the extra EU subsidy propose in Mr Garot ' s report would , in my view , be quite unreasonable in a year such as this when , with Agenda 2000 and the forthcoming enlargement to include Central and Eastern Europe , we be to reform agricultural policy .	a independent commission of inquiry
Commissioner , lady and gentleman , these be the solution advocate by the Committee on Agriculture and Rural Development .	the compromise amendment
but we will have a chance to go through all that .	untangled time
Ladies and gentleman , as I be sure you will have notice , the last part of the speech by the President of the Court of auditor be mar by a unfortunate bug that intrude between he speech and this Chamber .	unlucky insect get squashed
both Estrada and Honasan have deny any involvement in the fail military rebellion .	claim dozen of life
perhaps some European Union common sense will help sort out the problem and give George Bush he rightful place in history - its dustbin !	basketball court
the port state control Directive be design to check compliance with international requirement and not to introduce new rule .	compliance with requirement
this swift and focus approach result in the two ` erika ' package and six proposal have create a enormous momentum .	no access to learn
by act in this way in the name of subsidiarity , the Union be , in actual fact , shirk one of its responsibility , as it have in recent week both in northern Italy and in Spain .	the behaviour result in irresponsibility with appurtenance
the Commission would first and foremost like to highlight the commitment we make to the citizen of Europe to ensure protection of the personal datum process by the institution of Europe .	internal reform
the fact be , even though , as early as the Treaty of Rome , reference be make to the french overseas department , we have to wait until 1989 and the programme of option specific to the remote and insular nature of these region , the notorious poseus programme , for the European Union to at long last acknowledge that the permanence and combination of structural handicap affect the outermost region justified special treatment in comparison with the other region of the community .	spa treatment include massage and facial cleanse procedure
a amendment to remove such protection fail by a vote of 186 to 237 .	failure in remove protection
we be work on these in committee , but no decision be take on the matter this week , as Poul Nielson be absent on a visit to the Balkans .	the committee 's indecisiveness
in measurable term , the liberal rationale be effectively oppose to a high level of maritime safety .	irrational sea nature and logical safety precaution
the Duke of Edinburgh miss numerous royal occasion while he be in the private building .	Justice Minister Tzipi Livni note on Saudi Arabia
why do the US media provide so little coverage of the Paralympics compare to other sport ?	US media 's lack of paralympic coverage
I should like to reiterate that the urgent action upon which you be now insist be not necessary .	unnecessary action
we 'll be able to work on so many cool thing .	a fun job
before that the division be know as the NASCAR Grand National Series .	the oath of office ceremony
iraqi official here insist that the attack be be carry out by `` outsider '' who slip into Fallujah and attack at night .	attack on Fallujah market and people
in its report adopt on 15 November the Commission conclude that operate aid under regulation 1540/98 have not provide a solution to the problem of south korean pricing practice .	no solution to South Korea 's trouble of pricing practice
Ramiro Zapata be the latest of 25 human rights activist to be murder and , recently , the colombian press condemn the paramilitary group ' `` Plan 100 '' to kill one hundred human rights activist .	the condemnation of colombian paramilitary group ' `` Plan 100 '' to kill one hundred human rights activist
both this food authority and the legislative proposal be propose , which aim to guarantee food safety , will receive the support of this House , Commissioner .	poor condition in sweat shop
this can also be regard as a competition-related issue , as duty-free goods can continue to be sell in the southern part of the Baltic on the cross between Stockholm and Helsinki , whereas they be not permit to be sell on the journey between Umeå and Vasa .	regulation on the sale of duty-free goods around the Baltic Sea
nobody will believe a word he say .	no credibility
a black box , a blacklist : we be in complete agreement with all these thing , but there be still a few point I would like to bring to you attention .	forbid list
the responsible clarify that the investigation will be authorize as soon that `` all formality be fulfil '' .	investigation pend on formal document
airport such as Orly , Schiphol and Barcelona already meet strict requirement .	airport delay
it be a gravity dam , which hold back the water through sheer mass .	rise in the price of black tea
the point that the honourable Member make be a important one .	its institutional structure and policy
Jeter , who dislocate he left shoulder in a collision March 31 , take batting practice on the field for the first time Monday .	the first time in batting practice since the injury
	in 2002 , Forbes magazine estimate Clancy 's earnings at us$ 47.8 m. Forbes magazine 's estimation of Clancy 's income
it should thus promote the setting-up of new regional organisation , begin where the Community already have a presence , such as in the western Pacific and south Pacific .	community expansion of new regional organisation
leader agree to a expand and update asia-europe cooperation framework 2000 which form the work programme for the come decade .	asia-europe framework expansion
-lrb- since more than 12 member of Parliament stand up , the oral amendment be not retain -rrb- .	Parliament voting
Mrs Chairman , a series of high-profile ship disaster , particularly involve oil tanker , have hit we continent in the recent past .	ship accident
Prince Philip , who be aged 92 , be hospitalise on June 6 to be give exploratory surgery on he abdomen .	the international risk of global warming
I should also like to add that these two text focus , in particular , on strengthen the framework of criminal law in order to fight organised ring of facilitator .	organised crime
it must be remember that the fishery agreement with Morocco be much more than a simple fishery agreement ; as he know , if this agreement be not reach , bear in mind its significance , this fact might conceal a deterioration in the relation between the European Union and Morocco .	fishery agreement between the EU and Morocco
as part of peace talk between Israel and the Palestinian National Authority , Israel release on Tuesday early in the morning 26 palestinian prisoner imprison before the 1994 Oslo accord for murder or attempt murder of Israelis .	skiing business
Tartan Day be designate as a holiday by the US Senate , `` National Tartan Day '' , in 1998 .	US Senate 's `` National Tartan Day '' holiday est. 1998
in the undergraduate case , Rehnquist say the use of race be not `` narrowly tailor '' to achieve the university 's assert interest in diversity .	fear about a further softening of the market .
but a state judge have rule that the so-called `` double jeopardy '' protection do not apply in the case .	inapplicability of double-jeopardy provision
I think that remind we in Europe of the important role that we have in Asia , not just in economic and trade term , though it have to be say that one of the reason for Asia 's recovery have be that we have keep we word to keep we market open to asian export over the last two year .	market trade between continent
the head of government have also confirm the Union 's determination to back this process with technical and economic assistance .	support within economics
just across a river , St. Joseph have trendy restaurant , boutique , office and a picturesque beachfront .	all four page of the Constitution
he want the Presidency to outline the way forward at Nice .	important person control Nice
the question raise therefore provide the presidency-in-office with a opportunity to clarify several point .	the White House
we be not look for scapegoat , either in we institution or in we Member States .	delicious Goat cheese
that be why , in my opinion , the amendment table by Mr Bernd Lange be so important .	the importance of Mr Bernd Lange
in Europe , France 's cac-40 rise 0.6 percent , Britain 's ftse 100 slip 0.02 percent and Germany 's DAX index advance 0.8 percent .	rise stock price
in the same vein , at the time of the vote on the resolution on the embargo as part of the Third Commission of the General Assembly of the United Nations which meet on 9 November 2000 , we launch a appeal to the cuban authority to cooperate fully with international organisation defend human rights .	a campaign for the international defense of human rights
could be interpret as a sign that Britain be not interested in create a better world .	Britain 's disinterest in a better world
at Bletchley Park , Turing have work on break the enigma code use by the Nazis during World War II .	Ossie Ardiles 's car accident in Falkland Islands
one of Scotland 's national treasure , William Wallace 's sword , leave Scotland for the first time in 700 year .	scottish sword , a national treasure
a year or two later , 259 , or 10 per cent , of the youth report that they have start to smoke , or have take just a few puff .	mild tobacco use by youth
further to the comment which Danielle Auroi make just now on the subject of the country of the South , I would add that there be some expert estimate which provide some interesting figure , for instance , a range between USD 50 and 250 billion , which could be recover by a tobin-type tax , whereas , at the same time , the UNDP -lsb- United Nations Development Programme -rsb- amount to USD 40 billion per annum , which would be sufficient to guarantee minimum living condition for the hundred of million of deprive people in the country of the third world .	tax revenue cover third world live cost
along with the name change , the airline have redesign its website , and change the name of each of its class of service .	new website , new classification
however , we ought not to focus on Kosovo alone .	focus on Kosovo
I can simply point out the fact that France and Germany - and here I be no longer speak as President-in-Office of the Council - raise these question during a bilateral summit in Vittel last week , where it be decide to form a work group in order to find a solution to the problem .	EU co-operation
the australian team , know as the Steelers , be rank second in the world .	the Steelers ' # 2 worldwide team ranking
we have a common organisation of the market in pigmeat and we should not make the mistake of question the present common organisation of the market in pigmeat which , basically , work .	the lack of good will
give the importance of fishery to the outermost region , I can only be sadden by this .	the 3 little fish , a big hit 1950s song
the NATO war destroy too much and leave too much suffering in its wake .	gigantic finance pump
hundred of thousand of Iranians reportedly watch coverage of the negotiation through the iranian night .	negotiation coverage
this strategy have already be introduce by Joan Colom i Naval , the Vice-President for building .	increase opportunity to act
right now , Madam President , I should like to stop talk and wait for someone from the Council to come here .	continue conversation with the president
I be concern about the possibility of a general failure of numerous machine and rule which would then call the decision of the House into question .	unprecedented success in government initiative
next week , a meeting of the european conference will take place on my invitation in France , in other word a meeting with the candidate country .	meeting of the european conference
this question will become that much more relevant the closer EU enlargement towards the East become .	chinese zodiac
as the honourable Member of you House be aware , the lodging of a complaint have in itself no bearing on the progress of the project .	the main homeowner 's project be not affect by complaint
for example , for Finland it be vitally important that Russia be include in these agreement .	Russia 's critical presence in finnish agreement
let we have the political courage of we ecological ambition .	political courage to promote environmental protection
I must therefore express my scepticism about the result .	personal skepticism
another important proposal we have make , which will be of particular significance in the context of aviation noise , be that there should be a additional noise indicator over and above those that the rapporteur have enumerate .	aeroplane create loud noise
it be a document which my team and I feel be full of idea and proposal , which go to the heart of the issue and do not dodge any of the area of concern of the people of the outermost community .	coronary heart disease
the number of Americans with scottish or scotch-irish ancestry accord to the 2000 US Census be about 9.2 million , comprise 3.2 % of the US population .	american with scottish ancestry
.-lrb- el -rrb- we will not achieve safety at sea or protect human life at sea and the environment unless we address the unaccountability of shipowner , introduce strict control on the state of ship , impose heavy penalty on shipping company in breach of safety regulation , improve work time for seaman , train they properly and ensure that ship be crew in keep with they enhance requirement .	from top to bottom of the sea - a accountability to improve safety .
Defence Force chief David Hurley also claim professional behaviour of board officer and the Navy when handle arrive refugee boat .	hundred of volunteer
it be be a busy couple of day for security guru assign to keep they company safe and sound .	security it professional ' action
the President in no way , shape or form direct the Marine Corps to change we uniform cover .	Marine Corps uniform
BEA Systems Inc. .BEAS.O say on Thursday second-quarter profit rise 28 percent , as revenue grow slightly more than Wall Street expect amid a contracting overall market for business software .	the outgoing coalition of Social Democrats
I should also like to have answer to the question of what influence it would have on the volatility of the exchange market , particularly what would be the effect of a tax of 0.1 per thousand on speculator expect devaluation in the order of 20 to 50 % .	the effect of tax on exchange market volatility
the american Film Institute recently name she the top female screen legend .	best female actress
I would like to thank Mr Liikanen for what be in all respects a very positive and excellent reply .	grateful for a nice reply
Fiji 's national airline Air Pacific have now officially return to its original name : Fiji Airways .	the official return of Air Pacific 's original name
we should examine that very carefully and then pursue the implementation of both part of the combined approach , namely the establishment of limit value for the various source of noise on the one hand and quality standard for noise source on the other .	combine limit value with quality standard of the various source of noise
that apply both to the stricter requirement on the design of oil tanker , better rule on port state control and the tighten up of the rule on classification society that will also result from this .	improve regulation to help the environment
I be a bit happier with the attitude of the Council today than I be in July because , as on many occasion in situation of crisis , the European Union seem always to be the last authority to arrive on the international scene and make its voice hear .	happier to see the EU make its voice hear internationally in critical situation
in order to honour the political agreement make with the Council and the rapporteur to enable the regulation to be adopt at first reading , the Commission reject all other amendment which be not part of the Paciotti report adopt by the Committee on Citizens ' Freedoms and Rights , Justice and Home Affairs , except for Amendment No 69 which be a correction to Amendment No 41 .	rejection and disappointment
a panel of the 9th US Circuit Court of Appeals uphold California 's assault weapon ban in a 2-1 ruling last December .	uphold California ban on assault weapon
the report that be adopt by the turkish cabinet on 21 September as a reform programme contain several planned amendment to the law , such as the inclusion of measure in the Civil Code that be design to enhance effective equality between man and woman in social and educational field , way to better combat domestic violence by training judge that specialise in family matter and , lastly , measure to prevent people that have commit crime of honour from serve reduce sentence .	the need for criminal ' rehabilitation
it escape I how the Commission can give this estimate as early as February and the Council in July .	unreasonable estimate and untimely council
the show 's tower stand eight story high , with performer attempt to dive into a pool just 9.5 foot deep .	splash in paddle pool
thirdly , when we discuss dossier of this kind , I think it become clear that we do not make the connection between we oil supply , on the one hand , and the fact that we be still use fossil fuel on the other .	the connection between oil and fossil fuel
fan of the artist join he music industry peer in a outpour on social media , honour the New York singer .	fan appreciation
Madam President , the enlargement of the European Union be loom , and the report by the Court of auditor leave we in no doubt that there be still a great deal of work to be do in the candidate country too .	vote booth
despite what have be agree , I sometimes wonder if it be possible to achieve this objective within exist budget constraint without undermine the agricultural budget necessary for a sustainable rural sector in exist Member States .	proprietor and shareholder
naturally there be a need to budget carefully , we support this and should not try to get round it .	be conscientious of the budget
I will discuss that issue with my service once the budget resource for next year be clear .	yet-unclear budget resource
the problem I be mainly concern with be that small enterprise do not always have sufficient guarantee and a proven business track record to offer investor .	credit report
Police state the information lead to the alert be likely a prank , and if so they intend to find and prosecute the responsible party .	police prosecution of prankster
the only pilot who interview seek anonymity .	a pilot 's cap
nobody really know what happen there except for I and the guard , and I can assure you that what he say happen do not happen , Kaye say .	median household income
this information must be make available to the european , state and port authority , and to interested member of the public .	in term of both quality and quantity
SCO say it terminate Sequent 's contract due to improper transfer of the company 's source code and development method into Linux .	claim of proprietary code in the Linux kernel
the swede have not celebrate they national day much at all , compare to e.g. the Norwegians .	low swedish national pride
Mr President , first of all I must say that I welcome this report .	attentiveness to the President
for small tanker , we have adopt a compromise position between the 5000-tonne limit set by the éìï and the 600-tonne limit set by the Commission .	the democratic development of he country
one Member of Parliament use the term ` traceability ' .	a new term use in Parliament
we do not think , as the House know , that it be necessary to make a explicit reference to this in the regulation .	unnecessary reference
I fully understand why people want market organisation for intensive livestock farming , and why they should want to scrap agricultural policy for land-based production .	small and medium-sized business
the Commission and the Member States should see it in this light and use the finding of this report as a tool for improve they performance in manage the EU 's finances .	manage one 's personal finances
Baz Luhrmann 's opulent version of the Puccini opera will fold June 29 after a disappointing seven-month run and loss of about $ 6 million .	the Puccini opera go dark after seven month
Nature protection organisation be also include in cooperation at local level .	local nature protection
he be chief executive of bochk until he be suddenly recall to Beijing last month .	a recall chief executive
Ms. Kethley , who have repeatedly deny any infidelity , have recount a similar story .	testimony before the senate
if we treat the area as a region of political antagonism we shall be make a big mistake .	political antagonism in a area
Health Minister Peter Coleman say about 300 people have be kill and 1,000 injure as the rebel fight into the capital .	wanton destruction and death cause by rebellion
I should like to thank the rapporteur for he report .	the committee chair by Mrs Palacio
Freddie Mac share be down more than 16 per cent at $ 50.18 at midday yesterday .	Freddie Mac share price
with the transfer of eur 175 million we have estimate eur 25 million more than we expect .	poor estimation
BOCHK chief executive Liu Jinbao be transfer abruptly to Beijing last month .	a abrupt transfer of BOCHK CEO Liu Jinbao
the Commission be also require to carry out a huge amount of work in connection with negotiation hold within the framework of regional fishery organisation .	the fight against serious organised crime
Madam President , I have already mention that I have be to sea in the past .	presidential pirate adventure
this mean therefore that the Commission will only deploy the legal aid it have at its disposal within the meaning of the regulation .	the Commission 's intend use of available lawyer
we know that the Commission value ASEM extremely highly and it have we wholehearted support on that score .	full support of the Asia -- Europe meet
the transboundary nature of the marine environment , which mean that pollution in one area can impact on a wider region , lead to the need for a community-wide framework for cooperation in the field of accidental marine pollution .	marine pollution impact
they be free on October 25 after one of the woman report she situation to a non-profit deal with force marriage case .	Non Profit 's fight for freedom from force marriage
I represent some grower and I be thus very concerned indeed .	worried farmer
the Council do not receive a copy of this letter but the Presidency have , of course , reply to Mr Cem and all of the Member States be inform about the content of the reply give .	the President 's response
at present , the effort of myself and my office be focus on limit the effect which the distance between the party and the future tribunal may have .	effort to improve relation between the party and future tribunal
only 66 year old , Brooks be kill on Monday , Aug. 11 , 2003 in a automobile accident in he native Minnesota .	treacherous Minnesotan roadway
the European Union be right to react positively to President Kostunica 's accession to power .	good president
I would like to remind member that , in air safety , the amount of compensation pay in Europe and North America be not equal to the amount pay in other country .	status-enhancing term such as modernisation
the rapporteur ' s proposal aim at harmonisation on a european scale can only be positive .	proposal for harmonization
Mr President , in March this year we adopt the directive on cableway installation design to carry person .	connectivity and cable
I believe that Mr Duff be present this morning when we discuss the european Council in Biarritz .	discuss the european Council
the chain , which have be under new management since late 1999 , have more than 3,400 store and $ 15.8 billion in annual revenue .	nearly sixteen billion in annual revenue
amend the directive in term of greater stringency in its application and the harmonisation of legislation , especially regard the selection of ship for inspection and the scope of the different type of selection be clearly a positive step .	positive movement
it should be note that this right to be different be nothing more than a demonstration of the principle of equality , which also require different treatment for anything that be different .	a recipe require equal part of milk to water
Mr President , I thank the Commissioner for she continue commitment in the field of maritime safety .	application for membership
I be indeed grateful for the support which the Christian-Democrats and , in fact , part of the Liberal Group , have lend to this one specific amendment to curb all aircraft noise .	liberal against aircraft noise
Ferrari driver Felipe Massa for the third consecutive year win from pole the FIA Formula one 2008 Petrol Ofisi turkish Grand Prix at Istanbul race circuit , Istanbul , Turkey .	Iran nuclear deal enter into force
we have sometimes even wonder to what extent the cyclical market crisis itself may not be cause by the speculative action of these business structure , which thus gradually take control of the sector for they own interest .	a brief question for the Commission about Article 4
Canada have just decide to legalize same-sex marriage , and they have high hope that Massachusetts ' high court will take a similar step within a few week .	the vast majority of trade on Eurex US
furthermore , in the communication adopt on 4 October 2000 on the European Union ' s oil supply , the Commission indicate that , at the european Council of Göteborg , it be plan to present a plan to save energy and to promote the diversification of energy source , which should help to boost energy efficiency , especially in building and transport .	energy saving
at least 61 people be kill and dozen injure across Afghanistan yesterday in the worst outbreak of violence for more than a year .	when a bomb explode nearby
the question , Mr President , and I shall end here , be whether there be a solution that would exert greater pressure than that propose by the President in he statement and whether the aid we be go to give will be entirely different from that of the United States , in other word , not intend for crop-spraying , but for crop replacement and also for social , rather than military , purpose .	request to the President for aid for crop replacement and to solve military and social issue
secondly , I would say that it be french law which will have the power to confiscate or freeze the asset of a specific company in order to compensate for damages or anything else , and it could establish liability beyond those lay down accord to the objective criterion provide for in current international legislation on hydrocarbon pollution .	a certain pessimism
First of all , on the procedure for present the annual report to Parliament and the Budgetary Control Committee , I be happy to listen to the assurance from member of Parliament that the situation this year be more satisfactory than before .	by letter it look better
I be sorry to have to tell you that I be not satisfy with you reply .	complicated and difficult
BEA Systems Inc. .beas.o on Thursday say second-quarter profit rise 28 percent , as revenue grow amid a contracting overall market for business software .	statement from its competitor
on the contrary , we must work for a Parliament which campaign for openness , efficiency and effective democratic control of the european institution .	parliamentary control of european institution
he last post be link to a poster of he on a closed door .	door poster
I know that this report and the work that Parliament be about to embark on in the context of the discharge procedure will contribute to greater vigilance when it come to community spending .	monitor oil price
Madam President , Commissioner , lady and gentleman , I be especially keen to be with you today for the debate in the European Parliament on the first maritime package because you be about to examine three important text which be a vital step in a issue which recent event have unfortunately make into headline news .	all key stakeholder
he face a additional 25 year in prison on the federal charge when he be sentence July 7 .	a additional twenty five year in jail from federal charge
Dos Reis be schedule to be sentence in Danbury Superior Court this morning on charge of first-degree manslaughter and second-degree sexual assault .	conviction of 1st-degree manslaughter and 2nd-degree sexual assault
Ryanair have tell pilot anybody sign a `` so-called safety petition '' might be dismiss .	aeroplane food
we believe that in such case the trade should not be burden with manufacturer 's duty under product safety legislation .	health and safety law
police advise resident Friday not to travel alone to convenience store and to be watchful .	on the lookout for the suspect
yesterday in Geneva , Iran and the p5 +1 nation -- the five permanent member of the UN security Council ; United States , United Kingdom , China , France , and Russia ; plus Germany -- reach a six-month deal over Iran 's nuclear enrichment programme .	nuclear enrichment deal
so far , since a interdepartmental group be set up for the outermost region under the presidency of Mr Delors , we have travel a long and fruitful road , and I must express the deepest gratitude of the Europeans from the outermost region to those who have preside over that group .	a long journey yield ripe adventure
it be Parliament which support the Commission 's proposal to create the european Agency for Reconstruction .	support proposal
I should like to remind you that the main priority of the card programme be the strengthening of institution with regard to democracy and the rule of law , economic development and reconstruction , and regional cooperation .	improve the country
he symbolic presence here could open up prospects for the overall policy which we be pursue .	the importance of the Commissioner 's presence
a new installer app be plan to be release in the come week .	app premiere
many of the country affect , like Colombia and Ecuador , be consider critical to the administration 's effort to bring stability to the western Hemisphere .	regional political stability
that be why I support the amendment call for specific step to be take in the field of new technology .	fast move technology
it be worth point out that the principle of the mutual recognition of criminal decision , in accordance with the conclusion of the Tampere European Council , must make it possible to reinforce cooperation between Member States while at the same time reinforce the protection of human rights .	protection of human rights
I believe that the intention as a whole be hugely reassure , but the reality be that meanwhile we dockyard be close down .	the death of the dockyard , despite the best of intention
I beg you indulgence to hear the answer please .	speak audibly
first , on the social and cultural function of digital content , the Commission welcome the fact that Parliament emphasise the social and cultural dimension of digital content .	digital social media
President Bush sign a waiver exempt 22 country because they have sign but not yet ratify immunity agreement .	President Bush sign law
that be the case , the level of funding allocate to Kosovo be not without certain problem .	money lending
he next play , `` will success Spoil Rock Hunter ? ''a satire on Hollywood , last more than a year on Broadway .	the largest US lender for student
in this connection , effort be require to solve the major social problem , for example unemployment .	rapid technological development
that , in principle , be the idea behind Amendment No 36 , although I believe the idea have not be fully develop yet .	the benefit to the 36th amendment from a re-examination
we have be instruct to vigorously prosecute these libel proceedings .	manufacturer 's instruction
Axelrod die of heart failure while asleep at he Los Angeles home , say he daughter , Nina Axelrod .	more than a hour
if anyone need convincing , just look at the evidence .	convince graph
if it be not break , do not fix it , say Senate Minority Leader Tom Daschle , D-S.D. `` I do not see much break . ''	Senate Minority Leader Tom Daschle
I be especially glad that we have be able to safeguard financing for the Socrates , Youth and Culture 2000 programme that be decide at the end of last year .	Finance available for programming
highly versatile , Frost would prove confident at both serious political journalism as well as light entertainment and comedy , host sketch show the Frost Report in the mid-60 .	newspaper editor in the 1960
Mr President , I very much welcome this e-content programme and should like to refer to two aspect of it .	address parliament issue
there must be a clear signal to sub-standard ship that we will not tolerate they in european water or in european port .	humanitarian aid
I do not think he 'll ever totally recover from this .	personal recovery
we declaration of rights be the first of this millennium .	rights movement
Mr President , since the break up of the tanker Erika , a package of measure have be devise , under political pressure , with a view to improve the safety of ship at sea .	improve the safety of ship at sea
the agency have be able to stay open during the government shutdown because it be fund by the Federal Reserve .	government issue
major british charity comic Relief have invest money in arm , alcohol and tobacco firm , accord to a BBC Panorama investigation to be broadcast this evening .	play as striker in Germany 's national football team
other change in the US military uniform be schedule to take place by the end of the year .	U.S. military uniform
moreover the creation of sem provide no solution to the continue mismatch between 8 voluminous administrative resource .	open the system to third country
the opening of the tomb would allow investigator to reconstruct a biological profile of the first king of Portugal , who die 821 year ago .	first Portuguese King to be biologically profile
on the one hand , the largest producer , or those integrate with processing industry downstream , would distance themselves from this measure , prefer the system they already have : individual savings ; bank loan and redistribution fund .	the early part of next year
he family be devastate , and ask for privacy at this difficult time .	family reunion
	the vote will take place tomorrow at 11.30 p.m. tomorrow 's voting
it be therefore up to NATO to take the step it deem necessary to prevent further accident of this kind .	NATO 's response to the accident
but stock have rally sharply over the past 3-1/2 month amid hope for a economic rebound later this year .	hope for a better financial situation
I think you 'll see a lot of job growth in the next two year , say Mankiw .	consistent gdp increase and revitalized manufacturing sector
the most difficult problem in the new budget concern external action .	accurate budgeting
the safeguard clause be currently be work upon and , if Mr Clegg need background argument in order to talk with the sugar beet farmer , I shall make these available to he .	argument between Mr Clegg and sugar beet farmer
some people think that it be possible to create a internal market in Europe without agree on fundamental value and principle .	build internal market with no common ground
indeed this be what have happen in the case of the euro over the year , whether we like it or not .	unchangeable euro eventuality
it be a moderate proposal , for Scandinavia already have stricter standard in place than those propose for the year 2012 .	strict rule in foreign country
Bombardier and Embraer will each deliver 85 jet by September 2006 , U.S. Airways say in a release .	the delivery of eighty five jet from Bombardier and Embraer
Mr President , lady and gentleman , we recently reach a agreement with the Court of auditor under which we would be able to obtain advance information from the Court 's annual report on a totally confidential basis , and we also agree that we would be discreet about this .	legal secrecy
April of this year be the next highest month with 493 complaint , edge out May of last year with 488 complaint .	Easter complaint
more than 80 % of accident be associate with human error , but there be reason for human error , which be social in nature .	accident due to human error
when it be relevant , from the audit point of view , we mention everything that have to be mention .	auditing encompass the unmentionable
face with the disastrous and anarchic situation in maritime transport , Europe have take up the challenge and , just 11 month after the loss of the Erika , will be in a position to announce that never have a procedure be work out quite as quickly .	Europe 's modernization and improvement of maritime transport
I have no doubt but that the proposal which the Commission will submit to the Council will be characterise by these quality .	wedding bell
I really do think that what the rapporteur have do here be a brilliant achievement ; it show just what you can do with administration when you set you sight on a specific objective and the objective be clearly specify here .	a sufficient level of flexibility with regard to the basic rule
